http://www.facebook.com/logica.com.ec,<b>Logica</b> es una empresa formada por profesionales en las áreas de compras ... Nueva noticia: Datos importantes en la realización del inventario <b>http</b>://ow.ly ...
http://www.facebook.com/logica.com.ec,<b>Logica</b> es una empresa formada por profesionales en las áreas de compras ... Nueva noticia: Datos importantes en la realización del inventario <b>http</b>://ow.ly ...
http://www.facebook.com/pages/Logica-Computer-Professionals/100617733342155,To connect with <b>Logica</b> Computer Professionals, sign up for Facebook today. ... <b>http</b>://yourlogica.com
http://www.facebook.com/logica.com.ec,<b>Logica</b> es una empresa formada por profesionales en las áreas de compras ... Nueva noticia: Datos importantes en la realización del inventario <b>http</b>://ow.ly ...
http://www.facebook.com/pages/Logica-Computer-Professionals/100617733342155,To connect with <b>Logica</b> Computer Professionals, sign up for Facebook today. ... <b>http</b>://yourlogica.com
http://www.facebook.com/pages/Logica-plc/87618166682,We’ve just updated our LinkedIn Sustainability services <b>page</b>. Take a look! <b>http</b>://www.linkedin.com/ company/<b>logica</b>/ sustainability-732013/product and whilst you are there ...
http://www.facebook.com/logica.com.ec,<b>Logica</b> es una empresa formada por profesionales en las áreas de compras ... Nueva noticia: Datos importantes en la realización del inventario <b>http</b>://ow.ly ...
http://www.facebook.com/pages/Logica-Computer-Professionals/100617733342155,To connect with <b>Logica</b> Computer Professionals, sign up for Facebook today. ... <b>http</b>://yourlogica.com
http://www.facebook.com/pages/Logica-plc/87618166682,We’ve just updated our LinkedIn Sustainability services <b>page</b>. Take a look! <b>http</b>://www.linkedin.com/ company/<b>logica</b>/ sustainability-732013/product and whilst you are there ...
http://www.facebook.com/LogicaCorp,<b>Logica</b> provides 3 core services for helping companies reduce their shipping expense: Rate Optimization, Freight Invoice Audit, and Analytics Software.
http://www.facebook.com/logica.com.ec,<b>Logica</b> es una empresa formada por profesionales en las áreas de compras ... Nueva noticia: Datos importantes en la realización del inventario <b>http</b>://ow.ly ...
http://www.facebook.com/pages/Logica-Computer-Professionals/100617733342155,To connect with <b>Logica</b> Computer Professionals, sign up for Facebook today. ... <b>http</b>://yourlogica.com
http://www.facebook.com/pages/Logica-plc/87618166682,We’ve just updated our LinkedIn Sustainability services <b>page</b>. Take a look! <b>http</b>://www.linkedin.com/ company/<b>logica</b>/ sustainability-732013/product and whilst you are there ...
http://www.facebook.com/LogicaCorp,<b>Logica</b> provides 3 core services for helping companies reduce their shipping expense: Rate Optimization, Freight Invoice Audit, and Analytics Software.
http://www.facebook.com/pages/LOGICA-Komputery-i-Konsole/155110204548636,To connect with <b>LOGICA</b> Komputery i Konsole, sign up for Facebook today. ... Łódź, Poland <b>http</b>://www.rbcomputers.pl
http://www.facebook.com/logica.com.ec,<b>Logica</b> es una empresa formada por profesionales en las áreas de compras ... Nueva noticia: Datos importantes en la realización del inventario <b>http</b>://ow.ly ...
http://www.facebook.com/pages/Logica-Computer-Professionals/100617733342155,To connect with <b>Logica</b> Computer Professionals, sign up for Facebook today. ... <b>http</b>://yourlogica.com
http://www.facebook.com/pages/Logica-plc/87618166682,We’ve just updated our LinkedIn Sustainability services <b>page</b>. Take a look! <b>http</b>://www.linkedin.com/ company/<b>logica</b>/ sustainability-732013/product and whilst you are there ...
http://www.facebook.com/LogicaCorp,<b>Logica</b> provides 3 core services for helping companies reduce their shipping expense: Rate Optimization, Freight Invoice Audit, and Analytics Software.
http://www.facebook.com/pages/LOGICA-Komputery-i-Konsole/155110204548636,To connect with <b>LOGICA</b> Komputery i Konsole, sign up for Facebook today. ... Łódź, Poland <b>http</b>://www.rbcomputers.pl
http://www.facebook.com/pages/Logica-Norge/278745947103,<b>Logica</b> Norge is on Facebook. To connect with <b>Logica</b> Norge, sign up for ... <b>http</b>://www.<b>logica</b>.no
http://www.facebook.com/logica.com.ec,<b>Logica</b> es una empresa formada por profesionales en las áreas de compras ... Nueva noticia: Datos importantes en la realización del inventario <b>http</b>://ow.ly ...
http://www.facebook.com/pages/Logica-Computer-Professionals/100617733342155,To connect with <b>Logica</b> Computer Professionals, sign up for Facebook today. ... <b>http</b>://yourlogica.com
http://www.facebook.com/pages/Logica-plc/87618166682,We’ve just updated our LinkedIn Sustainability services <b>page</b>. Take a look! <b>http</b>://www.linkedin.com/ company/<b>logica</b>/ sustainability-732013/product and whilst you are there ...
http://www.facebook.com/LogicaCorp,<b>Logica</b> provides 3 core services for helping companies reduce their shipping expense: Rate Optimization, Freight Invoice Audit, and Analytics Software.
http://www.facebook.com/pages/LOGICA-Komputery-i-Konsole/155110204548636,To connect with <b>LOGICA</b> Komputery i Konsole, sign up for Facebook today. ... Łódź, Poland <b>http</b>://www.rbcomputers.pl
http://www.facebook.com/pages/Logica-Norge/278745947103,<b>Logica</b> Norge is on Facebook. To connect with <b>Logica</b> Norge, sign up for ... <b>http</b>://www.<b>logica</b>.no
http://www.facebook.com/pages/Careers-at-Logica/191707198904,<b>Logica</b> are actively recruiting to support the growth of our UK operations. ... <b>http</b>://www.<b>logica</b>.com/
http://www.facebook.com/logica.com.ec,<b>Logica</b> es una empresa formada por profesionales en las áreas de compras ... Nueva noticia: Datos importantes en la realización del inventario <b>http</b>://ow.ly ...
http://www.facebook.com/pages/Logica-Computer-Professionals/100617733342155,To connect with <b>Logica</b> Computer Professionals, sign up for Facebook today. ... <b>http</b>://yourlogica.com
http://www.facebook.com/pages/Logica-plc/87618166682,We’ve just updated our LinkedIn Sustainability services <b>page</b>. Take a look! <b>http</b>://www.linkedin.com/ company/<b>logica</b>/ sustainability-732013/product and whilst you are there ...
http://www.facebook.com/LogicaCorp,<b>Logica</b> provides 3 core services for helping companies reduce their shipping expense: Rate Optimization, Freight Invoice Audit, and Analytics Software.
http://www.facebook.com/pages/LOGICA-Komputery-i-Konsole/155110204548636,To connect with <b>LOGICA</b> Komputery i Konsole, sign up for Facebook today. ... Łódź, Poland <b>http</b>://www.rbcomputers.pl
http://www.facebook.com/pages/Logica-Norge/278745947103,<b>Logica</b> Norge is on Facebook. To connect with <b>Logica</b> Norge, sign up for ... <b>http</b>://www.<b>logica</b>.no
http://www.facebook.com/pages/Careers-at-Logica/191707198904,<b>Logica</b> are actively recruiting to support the growth of our UK operations. ... <b>http</b>://www.<b>logica</b>.com/
http://www.facebook.com/pages/Juegos-de-l%C3%B3gica/191835550840264,<b>http</b>://nosolojuegos.blogspot.com ... " JUEGOS DE <b>LÓGICA</b> ": TODOS LOS JUEGOS DE <b>LÓGICA</b>
http://www.facebook.com/logica.com.ec,<b>Logica</b> es una empresa formada por profesionales en las áreas de compras ... Nueva noticia: Datos importantes en la realización del inventario <b>http</b>://ow.ly ...
http://www.facebook.com/pages/Logica-Computer-Professionals/100617733342155,To connect with <b>Logica</b> Computer Professionals, sign up for Facebook today. ... <b>http</b>://yourlogica.com
http://www.facebook.com/pages/Logica-plc/87618166682,We’ve just updated our LinkedIn Sustainability services <b>page</b>. Take a look! <b>http</b>://www.linkedin.com/ company/<b>logica</b>/ sustainability-732013/product and whilst you are there ...
http://www.facebook.com/LogicaCorp,<b>Logica</b> provides 3 core services for helping companies reduce their shipping exhttp://twitter.com/logica,A business and technology service company, providing business consulting, systems integration and outsourcing to clients around the world.
http://twitter.com/logica,A business and technology service company, providing business consulting, systems integration and outsourcing to clients around the world.
http://www.facebook.com/pages/Logica/103747306330544,<b>Logica</b> - Description: <b>Logica</b> is a global IT and management consultancy company headquartered in Reading, United Kingdom.It has a primary listing on the London Stock ...
http://twitter.com/logica,A business and technology service company, providing business consulting, systems integration and outsourcing to clients around the world.
http://www.facebook.com/pages/Logica/103747306330544,<b>Logica</b> - Description: <b>Logica</b> is a global IT and management consultancy company headquartered in Reading, United Kingdom.It has a primary listing on the London Stock ...
http://www.facebook.com/pages/Logica/103747306330544?sk=info,<b>Logica</b> - Description: <b>Logica</b> is a global IT and management consultancy company headquartered in Reading, United Kingdom.It has a primary listing on the London Stock ...
http://twitter.com/logica,A business and technology service company, providing business consulting, systems integration and outsourcing to clients around the world.
http://www.facebook.com/pages/Logica/103747306330544,<b>Logica</b> - Description: <b>Logica</b> is a global IT and management consultancy company headquartered in Reading, United Kingdom.It has a primary listing on the London Stock ...
http://www.facebook.com/pages/Logica/103747306330544?sk=info,<b>Logica</b> - Description: <b>Logica</b> is a global IT and management consultancy company headquartered in Reading, United Kingdom.It has a primary listing on the London Stock ...
http://www.facebook.com/pages/LOGICA-Komputery-i-Konsole/155110204548636,To connect with <b>LOGICA</b> Komputery i Konsole, sign up for Facebook today. Sign Up Log In. Like
http://twitter.com/logica,A business and technology service company, providing business consulting, systems integration and outsourcing to clients around the world.
http://www.facebook.com/pages/Logica/103747306330544,<b>Logica</b> - Description: <b>Logica</b> is a global IT and management consultancy company headquartered in Reading, United Kingdom.It has a primary listing on the London Stock ...
http://www.facebook.com/pages/Logica/103747306330544?sk=info,<b>Logica</b> - Description: <b>Logica</b> is a global IT and management consultancy company headquartered in Reading, United Kingdom.It has a primary listing on the London Stock ...
http://www.facebook.com/pages/LOGICA-Komputery-i-Konsole/155110204548636,To connect with <b>LOGICA</b> Komputery i Konsole, sign up for Facebook today. Sign Up Log In. Like
http://www.facebook.com/logica.com.ec,<b>Logica</b> es una empresa formada por profesionales en las áreas de compras, planificación, tributación e inventarios, que responde a la necesidad de las empresas de ...
http://twitter.com/logica,A business and technology service company, providing business consulting, systems integration and outsourcing to clients around the world.
http://www.facebook.com/pages/Logica/103747306330544,<b>Logica</b> - Description: <b>Logica</b> is a global IT and management consultancy company headquartered in Reading, United Kingdom.It has a primary listing on the London Stock ...
http://www.facebook.com/pages/Logica/103747306330544?sk=info,<b>Logica</b> - Description: <b>Logica</b> is a global IT and management consultancy company headquartered in Reading, United Kingdom.It has a primary listing on the London Stock ...
http://www.facebook.com/pages/LOGICA-Komputery-i-Konsole/155110204548636,To connect with <b>LOGICA</b> Komputery i Konsole, sign up for Facebook today. Sign Up Log In. Like
http://www.facebook.com/logica.com.ec,<b>Logica</b> es una empresa formada por profesionales en las áreas de compras, planificación, tributación e inventarios, que responde a la necesidad de las empresas de ...
http://www.facebook.com/LogicaSponsoredDegree,To connect with <b>Logica</b> Sponsored Degree Programme, sign up for Facebook today.
http://twitter.com/logica,A business and technology service company, providing business consulting, systems integration and outsourcing to clients around the world.
http://www.facebook.com/pages/Logica/103747306330544,<b>Logica</b> - Description: <b>Logica</b> is a global IT and management consultancy company headquartered in Reading, United Kingdom.It has a primary listing on the London Stock ...
http://www.facebook.com/pages/Logica/103747306330544?sk=info,<b>Logica</b> - Description: <b>Logica</b> is a global IT and management consultancy company headquartered in Reading, United Kingdom.It has a primary listing on the London Stock ...
http://www.facebook.com/pages/LOGICA-Komputery-i-Konsole/155110204548636,To connect with <b>LOGICA</b> Komputery i Konsole, sign up for Facebook today. Sign Up Log In. Like
http://www.facebook.com/logica.com.ec,<b>Logica</b> es una empresa formada por profesionales en las áreas de compras, planificación, tributación e inventarios, que responde a la necesidad de las empresas de ...
http://www.facebook.com/LogicaSponsoredDegree,To connect with <b>Logica</b> Sponsored Degree Programme, sign up for Facebook today.
http://www.facebook.com/pages/LogIca/137604589604822,To connect with <b>LogIca</b>, sign up for Facebook today. Sign Up Log In. Like
http://twitter.com/logica,A business and technology service company, providing business consulting, systems integration and outsourcing to clients around the world.
http://www.facebook.com/pages/Logica/103747306330544,<b>Logica</b> - Description: <b>Logica</b> is a global IT and management consultancy company headquartered in Reading, United Kingdom.It has a primary listing on the London Stock ...
http://www.facebook.com/pages/Logica/103747306330544?sk=info,<b>Logica</b> - Description: <b>Logica</b> is a global IT and management consultancy company headquartered in Reading, United Kingdom.It has a primary listing on the London Stock ...
http://www.facebook.com/pages/LOGICA-Komputery-i-Konsole/155110204548636,To connect with <b>LOGICA</b> Komputery i Konsole, sign up for Facebook today. Sign Up Log In. Like
http://www.facebook.com/logica.com.ec,<b>Logica</b> es una empresa formada por profesionales en las áreas de compras, planificación, tributación e inventarios, que responde a la necesidad de las empresas de ...
http://www.facebook.com/LogicaSponsoredDegree,To connect with <b>Logica</b> Sponsored Degree Programme, sign up for Facebook today.
http://www.facebook.com/pages/LogIca/137604589604822,To connect with <b>LogIca</b>, sign up for Facebook today. Sign Up Log In. Like
http://www.facebook.com/pages/Logica-Philippines-Careers/220743804623196,<b>Logica</b> in the Philippines offers end to end business services for clients not only in the Philippines but around the world. The global business is headquartered in ...
http://twitter.com/logica,A business and technology service company, providing business consulting, systems integration and outsourcing to clients around the world.
http://www.facebook.com/pages/Logica/103747306330544,<b>Logica</b> - Description: <b>Logica</b> is a global IT and management consultancy company headquartered in Reading, United Kingdom.It has a primary listing on the London Stock ...
http://www.facebook.com/pages/Logica/103747306330544?sk=info,<b>Logica</b> - Description: <b>Logica</b> is a global IT and management consultancy company headquartered in Reading, United Kingdom.It has a primary listing on the London Stock ...
http://www.facebook.com/pages/LOGICA-Komputery-i-Konsole/155110204548636,To connect with <b>LOGICA</b> Komputery i Konsole, sign up for Facebook today. Sign Up Log In. Like
http://www.facebook.com/logica.com.ec,<b>Logica</b> es una empresa formada por profesionales en las áreas de compras, planificación, tributación e inventarios, que responde a la necesidad de las empresas de ...
http://www.facebook.com/LogicaSponsoredDegree,To connect with <b>Logica</b> Sponsored Degree 